[{"line":2,"elements":[{"start_timestamp":"2022-03-14T17:29:08.121Z","line":5,"name":"CT03 - CLIENTE NAO POSSUI O CARTAO, HOUVE NEGATIVA PARA O AVISO DE EMISSAO","description":"","id":"negativa-de-emissao;ct03---cliente-nao-possui-o-cartao--houve-negativa-para-o-aviso-de-emissao","type":"scenario","keyword":"Cenario","steps":[{"result":{"duration":2993100,"status":"passed"},"line":6,"name":"A comunicacao do aviso de emissao","match":{"location":"azulseguroscucumber.Steps.a_comunicacao_do_aviso_de_emissao()"},"keyword":"Dado "},{"result":{"status":"passed"},"line":7,"name":"Houver Recusa (avisoEmissaoApolice)","match":{"location":"azulseguroscucumber.Steps.houver_recusa_aviso_emissao_apolice()"},"keyword":"Quando "},{"result":{"status":"passed"},"line":8,"name":"Proceder com recusa da oferta do Cartao Porto","match":{"location":"azulseguroscucumber.Steps.proceder_com_recusa_da_oferta_do_cartao_porto()"},"keyword":"Entao "}],"tags":[{"name":"@TestCaseKey=AQA-T4"}]}],"name":"Negativa de emissao","description":"","id":"negativa-de-emissao","keyword":"Funcionalidade","uri":"file:src/test/resources/Features/example.feature","tags":[]}]